[B] Zeitdifferenz: 31,915 Sekunden
[B] Zeitdifferenz: 31,916 Sekunden
[B] Zeitdifferenz: 31,919 Sekunden
[B] Zeitdifferenz: 31,915 Sekunden
[B] Zeitdifferenz: 31,909 Sekunden
[B] Zeitdifferenz: 31,912 Sekunden
[B] Zeitdifferenz: 31,913 Sekunden
[B] Zeitdifferenz: 31,909 Sekunden
[B] Zeitdifferenz: 31,909 Sekunden
[B] Zeitdifferenz: 31,902 Sekunden
[B] Zeitdifferenz: 31,902 Sekunden
[B] Zeitdifferenz: 31,905 Sekunden
[B] Zeitdifferenz: 31,904 Sekunden
[B] Zeitdifferenz: 31,903 Sekunden
[B] Zeitdifferenz: 31,903 Sekunden
[B] Zeitdifferenz: 31,903 Sekunden
[B] Zeitdifferenz: 31,906 Sekunden
[B] Zeitdifferenz: 31,906 Sekunden
[B] Zeitdifferenz: 31,907 Sekunden
[B] Zeitdifferenz: 31,906 Sekunden
[B] Zeitdifferenz: 31,907 Sekunden
[B] Zeitdifferenz: 31,906 Sekunden
[B] Zeitdifferenz: 31,902 Sekunden
